Date,Product Name,Category,Sales Amount,Quantity Sold,Region,Customer Segment
8/7/2024,Natural Peanut Butter,Food - Spreads,652,47,Japan,Public Utilities
10/16/2024,Peach Mango Smoothie,Food - Beverages,1112,30,Greece,Finance
6/25/2025,Frozen Acai Pur√©e,Food - Frozen,4174,40,China,n/a
7/19/2025,Pet Travel Bowl,Pets,1866,15,Russia,Technology
5/1/2025,Herb Garden Planter Box,Garden,2202,21,Colombia,Health Care
7/8/2025,Spicy Roasted Nuts,Food - Snacks,412,5,Portugal,Energy
12/10/2024,Kids' Dinosaur-Themed Lunchbox,Accessories,4797,27,Tunisia,Finance
2/3/2025,Chocolate Protein Powder,Food - Supplements,2765,13,Russia,Miscellaneous
11/10/2024,Honey Garlic Sauce,Food - Sauces,2896,25,Indonesia,n/a
7/14/2025,Toy Building Set,Toys,3226,36,China,n/a
4/15/2025,Poppy Seed Dressing,Food - Condiments,1174,35,Croatia,Consumer Services
1/19/2025,Insulated Lunch Box,Kitchen,873,31,Indonesia,Health Care
7/28/2024,Peach & Mango Salsa,Food - Snacks,4637,1,Russia,Consumer Non-Durables
9/29/2024,Lemon Herb Chicken,Food - Meat,2336,9,South Africa,Consumer Services
5/20/2025,Mini Projector for Smartphones,Electronics,4073,38,Philippines,Consumer Services
9/24/2024,LED Camping Lantern with USB Charging,Outdoor,3435,7,Norway,n/a
7/7/2025,Golf Putting Green,Sports,4054,34,Norway,Basic Industries
1/19/2025,Dog Walking Waist Pack,Pets,611,9,Poland,Health Care
12/11/2024,Interactive Plush Toy,Toys,4289,21,Norway,Basic Industries
10/1/2024,Safety First Aid Kit,Health,2035,17,Ethiopia,Technology
11/11/2024,Classic Pesto Sauce,Food - Sauces,1980,18,United States,Energy
4/8/2025,Peanut Butter Pretzel Bites,Food - Snacks,3022,37,Portugal,Finance
7/9/2025,Brazil Nuts,Food - Nuts,2963,21,Poland,Health Care
4/12/2025,Pumpkin Pancake Mix,Food - Breakfast,2363,2,Indonesia,Miscellaneous
2/25/2025,Casual Sneakers,Clothing - Footwear,4061,14,Russia,Miscellaneous
12/24/2024,Avocado Oil Mayo,Food - Condiments,630,37,Luxembourg,Finance
4/6/2025,Denim Jacket,Clothing - Outerwear,2290,48,Luxembourg,Consumer Durables
4/20/2025,Cooking Utensil Set,Kitchen,1505,42,Philippines,Consumer Durables
7/17/2025,Toilet Paper (12 rolls),Food - Household,2772,33,France,Consumer Services
9/4/2024,Protein Pancake Mix,Food - Breakfast,2091,44,Ireland,Finance
12/10/2024,Garden Hose Reel,Garden,3059,26,China,n/a
1/16/2025,Coconut Bowls Set,Kitchen,3667,27,Pakistan,n/a
7/9/2025,Over-the-Door Hooks,Home,4652,45,China,Basic Industries
8/21/2024,Apple Juice,Food - Beverages,4163,12,China,Health Care
1/28/2025,Spicy Tuna Sushi Kit,Food - Prepared Meals,942,4,Honduras,Transportation
8/3/2024,Foldable Yoga Mat,Fitness,3015,28,Canada,Transportation
6/21/2025,Jennifer's Amazing Lip Balm Kit,Beauty,1720,10,Reunion,n/a
5/26/2025,Honey Garlic Chicken,Food - Meat,1665,17,China,Public Utilities
4/18/2025,Berry Smoothie Mix,Food - Frozen Foods,892,5,Japan,Technology
10/10/2024,Hiking Gaiters,Outdoor,2549,37,Philippines,Health Care
12/11/2024,Hibiscus Herbal Tea,Food - Beverages,2460,6,Afghanistan,Consumer Services
9/19/2024,Spicy Garlic Edamame,Food - Snacks,2343,1,China,n/a
12/11/2024,Lemon Dill Chicken Skewers,Food - Meat,349,21,Madagascar,Technology
2/22/2025,Roasted Chickpeas,Food - Snacks,4066,46,China,Energy
12/23/2024,Oven Mitts with Pocket,Kitchen,1842,41,Serbia,Technology
7/2/2025,Cucumber Lime Sparkling Water,Food - Beverages,1935,5,Belarus,n/a
8/29/2024,Self-Massaging Pillow,Health,4436,1,Russia,Miscellaneous
8/16/2024,Pet Hair Vacuum Cleaner Attachment,Pets,87,43,Indonesia,Consumer Durables
10/5/2024,Sporty Leggings,Clothing - Activewear,1513,31,Vietnam,Public Utilities
4/19/2025,Honey Glazed Carrots,Food - Produce,3458,37,Indonesia,Capital Goods
4/24/2025,Dog Training Collar,Pets,1184,8,Lebanon,n/a
2/19/2025,Relaxed Fit Henley Shirt,Clothing - Tops,1525,32,China,n/a
11/9/2024,Sous Vide Cooker,Kitchen,2021,35,Nigeria,Finance
5/30/2025,Salt and Pepper Grinder Set,Kitchen,3998,21,Japan,Consumer Services
9/29/2024,Compost Bin,Garden,1073,20,China,Finance
4/11/2025,Adjustable Garden Rake,Garden,2003,18,Philippines,Finance
4/28/2025,Cushion Covers,Home,3440,8,Brazil,n/a
1/27/2025,Savory Quinoa Pudding,Food - Sides,3210,5,China,Consumer Services
3/11/2025,Classic BBQ Sauce,Food - Condiments,3109,42,Canada,n/a
6/7/2025,Marinated Artichokes,Food - Vegetables,1459,21,Sweden,Health Care
12/14/2024,Adjustable Resistance Bands,Fitness,1914,15,Philippines,Miscellaneous
10/1/2024,Smartphone Holder for Car,Automotive,3247,24,Philippines,n/a
4/4/2025,Adjustable Pedicure Footrest,Beauty,140,33,China,n/a
11/29/2024,Pet Grooming Brush,Pets,1120,36,Malaysia,n/a
5/31/2025,Peach Green Tea,Food - Beverages,3499,24,Colombia,Technology
8/18/2024,Honey Lemon Tea,Food - Beverages,1932,15,Belarus,Basic Industries
10/6/2024,Chipotle Seasoning Blend,Food - Spices,1826,12,China,n/a
9/27/2024,Dried Cranberries,Food - Snacks,2999,18,Ukraine,Capital Goods
11/5/2024,Buffalo Chicken Dip,Food - Dips,2669,28,Armenia,Energy
7/8/2025,Laptop Sleeve,Accessories,214,28,Tunisia,Finance
5/2/2025,Backpacking Tent,Outdoor,2852,4,Norway,Consumer Services
1/24/2025,Watercolor Brush Pens,Art Supplies,2429,28,China,Miscellaneous
9/28/2024,Canned Black Beans,Food - Canned Goods,4651,15,China,Health Care
9/24/2024,Flavored Popcorn Mix,Food - Snacks,4611,42,United States,Capital Goods
1/23/2025,Dog Training Collar,Pets,1315,34,Vietnam,n/a
3/9/2025,Sweet Chili Thai Sauce,Food - Condiments,2208,5,United States,Energy
10/7/2024,Adjustable Stand for Tablets and Smartphones,Electronics,4731,38,China,Consumer Services
1/12/2025,Lightweight Backpacking Tent,Outdoor,796,28,China,Energy
3/2/2025,Face Mask Set,Health,2116,6,China,Health Care
4/14/2025,Orange Ginger Vinaigrette,Food - Condiments,1632,38,Dominican Republic,Technology
7/19/2025,Samsung Galaxy Smartwatch,Wearable Tech,4934,37,Colombia,Consumer Non-Durables
5/31/2025,Foldable Picnic Table,Outdoor,2550,35,Croatia,Basic Industries
9/24/2024,Reusable Food Storage Bags,Kitchen,817,44,Russia,Consumer Durables
2/8/2025,Multi-Tool,Outdoor,1810,34,China,n/a
7/1/2025,Coconut Flakes,Food - Baking,2276,10,Ukraine,n/a
2/13/2025,Roasted Garlic Butter,Food - Condiments,4487,32,Ghana,Finance
12/8/2024,Apple Cinnamon Oatmeal,Food - Breakfast,3357,43,Poland,Energy
8/10/2024,Organic Granola,Food - Breakfast,2907,42,Colombia,n/a
8/27/2024,Lentil Vegetable Stew,Food - Canned Soups,4295,37,Peru,Miscellaneous
2/28/2025,Vegetable Spring Rolls,Food - Frozen Foods,4776,16,Poland,Finance
8/9/2024,Honey Glazed Carrots,Food - Produce,2633,6,Malaysia,Public Utilities
11/28/2024,Balsamic Fig Dressing,Food - Condiments,1460,39,Ukraine,Technology
6/12/2025,Trainers with Mesh Inserts,Clothing - Footwear,3233,47,China,Capital Goods
7/17/2025,Mini Cordless Vacuum Cleaner,Home Appliances,1720,30,Sweden,Health Care
1/11/2025,Cotton Pajama Set,Clothing - Loungewear,1956,46,Brazil,Capital Goods
1/26/2025,Memory Card,Storage,3554,33,Portugal,Finance
9/25/2024,Glass Tea Pot,Kitchen,3969,36,Greece,Capital Goods
7/29/2024,Bamboo Charcoal Air Purifier Bags,Home,1903,17,Ukraine,Energy
5/4/2025,Smart Thermos,Fitness,3890,34,China,Transportation
2/21/2025,Home Office Chair,Furniture,2448,37,Mexico,n/a
11/10/2024,Spicy Thai Coconut Soup,Food - Soups,4778,17,China,Consumer Services
8/30/2024,Wall Calendar,Home,3372,6,Philippines,Capital Goods
12/6/2024,Ripped Boyfriend Jeans,Clothing - Bottoms,4628,43,Portugal,n/a
6/12/2025,Colorful Post-It Notes Set,Office,2128,38,China,Technology
10/25/2024,Chili Beans (canned),Food - Canned Goods,3769,46,Philippines,n/a
4/26/2025,Fitness Resistance Bands Kit,Fitness,546,19,Indonesia,n/a
8/11/2024,High-Quality Yoga Mat,Fitness,3108,47,United States,Health Care
12/22/2024,Electric Skillet,Kitchen,4580,19,Thailand,Consumer Services
9/5/2024,LED Strip Light Kit,Home,1152,11,Poland,Consumer Non-Durables
3/31/2025,Lemon Dill Salmon,Food - Seafood,4790,9,Poland,Public Utilities
4/15/2025,Inflatable Paddle Board,Outdoor,3238,41,China,n/a
5/24/2025,Fitness Tracker Band,Fitness,662,19,China,Health Care
7/17/2025,Cranberry Almond Cookies,Food - Bakery,2606,3,Ukraine,Finance
12/4/2024,Casual Long Cardigan,Clothing - Outerwear,3139,45,China,n/a
11/8/2024,Pet Travel Bowl,Pets,3965,14,Japan,Consumer Non-Durables
10/12/2024,Classic Black Trousers,Clothing - Pants,1863,12,United States,Technology
11/14/2024,Portable SSD,Storage,907,16,China,Health Care
2/11/2025,Garden Vegetable Soup,Food - Canned Goods,505,28,Albania,Basic Industries
12/13/2024,Wall Calendar,Home,2923,20,Mexico,Technology
4/5/2025,LED Desk Lamp with USB Charging Port,Office,3057,5,Nigeria,Health Care
5/11/2025,Peanut Butter Banana Smoothie,Food - Beverages,3071,44,China,Basic Industries
8/31/2024,Dog Car Seat Cover,Pets,668,35,Indonesia,Finance
5/28/2025,Vegetable Lasagna,Food - Frozen Foods,4859,16,China,Finance
1/29/2025,Frozen Chicken Nuggets,Food - Frozen Foods,4685,31,Bangladesh,Public Utilities
1/11/2025,Puzzle 3D Model Kit,Toys,644,12,China,Energy
6/2/2025,Peanut Butter Pretzel Nuggets,Food - Snacks,3742,28,Finland,Finance
11/1/2024,Party Mini Dress,Clothing - Dresses,3355,16,Czech Republic,Finance
10/12/2024,Chocolate Peanut Butter Cups,Food - Snacks,3683,34,China,Consumer Services
10/31/2024,Digital Bullet Journal,Apps,3881,5,China,Health Care
3/5/2025,Smoked Paprika Chicken Thighs,Food - Meat,334,2,China,Miscellaneous
7/19/2025,Shatterproof Wine Glasses,Outdoor,2153,43,Japan,Basic Industries
3/27/2025,Foldable Picnic Table,Outdoor,4815,29,Thailand,Capital Goods
10/19/2024,Veggie Chips Variety Pack,Food - Snacks,2045,3,Brazil,Public Utilities
8/14/2024,Coconut Oil Spray,Food - Cooking Oils,2692,25,South Africa,n/a
11/1/2024,Handheld Garment Steamer,Home,1863,15,Ethiopia,Basic Industries
7/9/2025,Fruit Infuser Water Bottle,Fitness,192,19,China,Finance
8/29/2024,Cereal Dispenser with Portion Control,Kitchen,3991,49,Japan,n/a
7/16/2025,Tomato Paste,Food - Canned Goods,1506,2,Ghana,Finance
4/11/2025,Dark Chocolate Covered Raisins,Food - Snacks,570,41,Peru,Technology
3/3/2025,Chia Seed Pudding Mix,Food - Breakfast,4097,47,China,Health Care
4/13/2025,Mini Projector for Smartphones,Electronics,204,22,Indonesia,Consumer Durables
1/18/2025,Sustainable Wooden Toys,Toys,652,14,Venezuela,n/a
4/15/2025,Portable Hammock with Stand,Outdoor,4485,16,Indonesia,Finance
3/24/2025,Satin Slip Dress,Clothing - Dresses,3691,4,Brazil,Public Utilities
2/22/2025,LED Strip Light Kit,Home,4138,42,Togo,Finance
5/4/2025,LED Desk Lamp with USB Charging,Office,2056,48,Canada,Technology
7/13/2025,Active Racerback Tank,Clothing - Tops,3192,6,Sweden,Health Care
1/17/2025,Apple Juice,Food - Beverages,169,35,Honduras,Capital Goods
10/25/2024,Cabbage,Food - Produce,4606,18,Indonesia,n/a
2/25/2025,Garden Tool Set,Garden,4629,9,Indonesia,Finance
4/14/2025,Dill Pickle Chips,Food - Condiments,147,40,Yemen,n/a
11/28/2024,Pumpkin Spice Muffins,Food - Bakery,2220,27,France,Technology
5/22/2025,Vanilla Pudding Mix,Food - Baking,3840,35,Sweden,Public Utilities
11/10/2024,Hummus,Food - Snacks,1373,42,France,Finance
4/15/2025,Backpacking Tent,Outdoor,2956,27,Mozambique,Technology
6/10/2025,Chocolate Mint Protein Shake,Food - Beverages,639,43,Greece,Transportation
3/5/2025,Digital Voice Recorder,Electronics,741,28,Philippines,Public Utilities
4/20/2025,Ginger Turmeric Latte Mix,Food - Beverages,3125,26,China,Technology
9/28/2024,Vegetable Lentil Soup,Food - Canned Goods,2011,25,Sweden,Consumer Services
11/16/2024,Underwater Camera,Photography,3002,15,Brazil,n/a
2/6/2025,Portable Water Filter,Outdoor,4474,41,Philippines,Public Utilities
3/22/2025,Tea Infuser,Kitchen,1701,15,Czech Republic,n/a
6/29/2025,Multi-Tool,Outdoor,222,50,Portugal,Capital Goods
3/29/2025,Non-Stick Baking Sheet,Kitchen,2085,36,China,Miscellaneous
9/3/2024,Drone,Electronics,3243,36,China,Health Care
4/29/2025,Vegan Alfredo Sauce,Food - Sauces,487,49,Pakistan,n/a
6/16/2025,Organic Black Beans,Food - Canned Goods,2689,47,Brazil,Basic Industries
2/8/2025,Jump Rope with Counter,Fitness,4251,44,Dominica,Finance
11/17/2024,Thai Peanut Dressing,Food - Condiments,1858,2,Czech Republic,Consumer Non-Durables
2/19/2025,Sweet Pea Hummus,Food - Dips,2431,21,China,Energy
6/23/2025,High-Quality Yoga Block,Fitness,1827,41,Vietnam,Finance
4/7/2025,Pine Nuts,Food - Nuts,2092,49,Portugal,Technology
7/16/2025,Smart Plant Monitor,Garden,3660,37,Azerbaijan,Health Care
2/12/2025,Tea Set with Infuser,Kitchen,693,39,Indonesia,n/a
3/27/2025,Artisan Pickles,Food - Condiments,3049,3,Cameroon,n/a
6/30/2025,Organic Green Tea,Food - Beverages,1590,18,Sweden,Technology
8/10/2024,Dark Chocolate Almond Butter Cups,Food - Snacks,2270,18,China,Technology
7/11/2025,Dog Collar,Pets,580,18,Argentina,Finance
1/21/2025,Oven Thermometer,Kitchen,81,15,China,Finance
12/26/2024,Workstation Laptop Stand,Office,1242,6,Brazil,n/a
3/29/2025,Portable Dog Water Bottle,Pets,1864,45,Serbia,n/a
6/16/2025,Maple Pecan Oatmeal Cookies,Food - Bakery,1234,33,Russia,Finance
6/27/2025,Teriyaki Stir-Fry Sauce,Food - Condiments,378,40,Greece,Health Care
9/18/2024,Kids Tablet,Electronics,2880,34,Indonesia,Consumer Services
10/3/2024,Sesame Seeds,Food - Baking,4803,30,China,Technology
4/2/2025,Digital Voice Recorder,Electronics,727,8,Russia,Technology
8/2/2024,Portable Massage Gun,Health,4339,46,France,n/a
6/26/2025,Faux Fur Throw Blanket,Home,1113,5,Indonesia,Finance
2/12/2025,Vintage Graphic Tee,Clothing - Tops,3293,50,Mexico,Technology
6/16/2025,Pepper Jack Cheese Slices,Food - Dairy,3482,16,Sri Lanka,n/a
7/26/2024,Spinach and Feta Wraps,Food - Prepared Foods,3561,46,China,Public Utilities
11/9/2024,Car Phone Mount,Automotive,83,8,China,Finance
7/16/2025,Insulated Coffee Mug,Kitchen,4964,26,Argentina,Energy
9/8/2024,Portable Air Compressor,Automotive,3100,30,Kuwait,Health Care
10/23/2024,Artisan Bread Loaf,Food - Bakery,1866,30,Mexico,Miscellaneous
9/5/2024,Self-Stirring Mug,Kitchen,4003,32,Philippines,n/a
6/12/2025,Kale & Quinoa Salad Mix,Food - Salads,836,35,Indonesia,Finance
6/29/2025,Board Game Storage,Toys,2489,31,Argentina,Consumer Non-Durables
9/27/2024,Roasted Garlic,Food - Condiments,381,20,Indonesia,Technology
10/11/2024,Pumpkin Spice Granola,Food - Breakfast,3902,20,France,Consumer Services
1/12/2025,Gluten-Free Bread,Food - Bakery,4737,31,China,Public Utilities
7/13/2025,Spicy Italian Sausage,Food - Meat & Seafood,2538,37,Greece,Energy
6/13/2025,Ripped Boyfriend Jeans,Clothing - Bottoms,75,37,Indonesia,n/a
2/2/2025,Cinnamon Roll Dough,Food - Bakery,2515,26,United States,Finance
4/5/2025,Infrared Thermometer,Health,1962,49,Peru,Public Utilities
3/29/2025,Leather Notebook Cover,Office,4957,44,France,Public Utilities
8/16/2024,Almond Joy Munch Bars,Food - Snacks,787,42,Chile,Health Care
3/10/2025,Party Mini Dress,Clothing - Dresses,879,40,China,Health Care
2/14/2025,Pet Training Clicker,Pets,78,44,Croatia,n/a
10/24/2024,Customizable Name Puzzle,Toys,4945,21,Portugal,Capital Goods
1/31/2025,Coconut Yogurt,Food - Dairy Alternatives,313,13,Burkina Faso,Basic Industries
4/25/2025,Almond Milk,Food - Dairy,4067,39,Indonesia,Consumer Services
4/1/2025,Chickpea Salad,Food - Prepared Foods,2405,36,Indonesia,Health Care
3/24/2025,Ranch Dressing,Food - Condiments,507,50,China,Finance
12/20/2024,Pineapple Coconut Yogurt,Food - Dairy,4749,2,China,n/a
1/8/2025,Electric Kettle with Temperature Control,Kitchen,146,22,China,n/a
5/18/2025,Organic Chia Seeds,Food - Health Foods,363,13,Mexico,Consumer Non-Durables
10/31/2024,Balsamic Fig Dressing,Food - Condiments,1011,11,Indonesia,Health Care
2/4/2025,Recipe Book Stand,Kitchen,3935,10,Indonesia,Finance
12/26/2024,Mini Pretzels,Food - Snacks,3831,46,China,Public Utilities
4/4/2025,Bock Beer Mustard,Food - Condiments,1775,10,Indonesia,Health Care
5/7/2025,Sturdy Bookends,Office,254,30,Palestinian Territory,Energy
3/22/2025,Garlic Parmesan Roasted Potatoes,Food - Sides,386,37,Indonesia,Consumer Services
2/22/2025,Raspberry Tart,Food - Baked Goods,3174,10,United States,Health Care
5/6/2025,Trail Mix (Deluxe),Food - Snacks,3605,31,Brazil,n/a
2/11/2025,Lemon Pepper Seasoning,Food - Seasonings,3230,27,Nigeria,n/a
10/31/2024,Vegetable Potstickers,Food - Frozen Food,203,14,Poland,Consumer Services
5/10/2025,Ice Cube Tray with Lid,Kitchen,3441,28,China,n/a
3/30/2025,Pasta (Fusilli),Food - Pasta,4329,21,China,n/a
7/4/2025,Multi-Purpose Scissors,Office,1794,14,China,Health Care
9/30/2024,Spicy Hummus,Food - Deli,1243,41,Ecuador,Consumer Services
1/30/2025,Organic Apples,Food - Produce,4865,10,Indonesia,Consumer Services
2/10/2025,Mediterranean Chickpea Salad,Food - Salads,2342,42,Tunisia,n/a
12/23/2024,Almond Coconut Granola,Food - Breakfast Foods,2280,2,China,n/a
3/18/2025,Outdoor Inflatable Pool,Outdoor,4590,19,Russia,Consumer Non-Durables
9/8/2024,Puff Pastry,Food - Bakery,2129,30,China,Finance
2/7/2025,Peanut Butter Protein Balls,Food - Snacks,1428,14,Japan,Consumer Services
1/23/2025,Mini Indoor Hydroponic Garden,Garden,2879,36,Indonesia,Technology
8/4/2024,Sports Windbreaker,Clothing - Outerwear,2133,36,Colombia,n/a
7/18/2025,Tomato Basil Soup,Food - Canned Goods,2921,24,Cyprus,Capital Goods
8/9/2024,Grilled Veggie Burgers,Food - Meat Alternatives,1770,49,Brazil,n/a
9/12/2024,Basic V-Neck T-Shirt,Clothing - Tops,245,30,China,Finance
9/3/2024,Sturdy Bookends,Office,3488,34,Indonesia,Consumer Services
7/5/2025,Ground Cinnamon,Food - Spices,2679,31,Peru,Finance
7/12/2025,Cheesy Broccoli Soup Mix,Food - Soups,899,1,Cuba,Energy
4/14/2025,Maple Pecan Oatmeal Cookies,Food - Bakery,1345,36,China,Public Utilities
8/16/2024,Graphic Print Leggings,Clothing - Activewear,2599,3,Philippines,Technology
3/18/2025,Over-the-Door Shoe Organizer,Home,4459,31,Jamaica,Technology
4/26/2025,Tuna Fish (canned),Food - Canned Goods,4447,12,Norway,Technology
8/6/2024,Whole Wheat Pita Bread,Food - Bread,2361,38,Venezuela,n/a
11/1/2024,Compact Pop-Up Tent,Outdoor,4946,13,Russia,Technology
12/31/2024,Leather Notebook Cover,Office,4135,40,Colombia,n/a
12/17/2024,Recipe Book Stand,Kitchen,580,36,China,Energy
5/22/2025,Nutty Trail Mix,Food - Snacks,1221,22,China,Transportation
5/9/2025,Set of Measuring Spoons,Kitchen,4960,28,Russia,Health Care
10/28/2024,Peach & Mango Salsa,Food - Snacks,865,14,Russia,Capital Goods
7/10/2025,Traditional Hummus,Food - Dips,3065,32,Brazil,Health Care
9/3/2024,Smart Light Bulbs,Smart Home,587,13,France,Consumer Services
10/27/2024,Frozen Edamame,Food - Frozen Foods,1151,1,Latvia,Technology
8/22/2024,Chewy Granola Bars,Food - Snacks,3798,43,China,Energy
10/14/2024,Smart Fitness Scale,Fitness,1105,20,Mexico,Consumer Services
9/9/2024,Hot Salsa,Food - Dips,4108,10,China,Consumer Services
2/8/2025,Savory Oats,Food - Breakfast,1183,1,Czech Republic,Health Care
7/17/2025,Pumpkin Ice Cream,Food - Frozen Foods,2076,50,Libya,Technology
1/25/2025,Body Wash,Beauty,3010,37,Malaysia,n/a
12/24/2024,Mint Chocolate Chip Ice Cream,Food - Frozen Desserts,3456,6,China,Health Care
1/31/2025,Silicone Baking Mat Set,Kitchen,4454,24,France,Technology
12/23/2024,Blueberry Muffin Mix,Food - Baking,1942,39,China,Technology
3/9/2025,Camera Tripod,Photography,2407,11,China,Consumer Services
2/27/2025,Carrot Sticks,Food - Produce,3447,33,China,Finance
3/24/2025,Mixed Berry Smoothie Pack,Food - Frozen Food,180,35,Afghanistan,Capital Goods
12/16/2024,Balsamic Fig Dressing,Food - Condiments,1278,8,Canada,Public Utilities
1/16/2025,Buttermilk Pancakes,Food - Breakfast,794,21,Russia,Consumer Durables
1/25/2025,Veggie Chips Variety Pack,Food - Snacks,2006,25,Mayotte,Finance
5/20/2025,Kids' Gardening Tools Set,Toys,2960,17,Georgia,n/a
10/13/2024,Portable Massage Table,Health,859,36,United Kingdom,Finance
10/16/2024,Sweet Pea Hummus,Food - Dips,273,36,China,Energy
8/20/2024,Cordless Water Flosser,Health,2208,46,France,Consumer Services
12/19/2024,Pet Reflective Vest,Pets,1212,34,United States,Technology
7/4/2025,Nutty Quinoa Salad,Food - Salads,3923,10,China,Technology
5/3/2025,Heated Throw Blanket,Home,1085,32,Denmark,n/a
10/15/2024,Greek Feta Cheese,Food - Dairy,2150,21,United States,Technology
7/2/2025,Puzzle 3D Model Kit,Toys,2689,8,Indonesia,Health Care
7/19/2025,Slingback Sandals,Clothing - Footwear,2487,4,Mongolia,n/a
11/8/2024,Fruit and Nut Bars,Food - Snacks,2491,37,Tunisia,n/a
7/21/2025,Teriyaki Chicken Wings,Food - Frozen Food,1686,10,China,Technology
4/17/2025,Saffron Rice Mix,Food - Grains,138,25,Kenya,n/a
3/22/2025,Rechargeable Battery Organizer,Home,2431,6,Syria,Technology
1/29/2025,Spicy Thai Chili Sauce,Food - Sauces,2514,17,Yemen,Technology
12/2/2024,Frozen Burritos,Food - Frozen Foods,2191,45,Philippines,Capital Goods
9/12/2024,Fishing Tackle Box,Outdoor,4403,49,Croatia,Health Care
9/11/2024,Classic Black Dress,Clothing - Dresses,2739,16,Poland,Consumer Services
7/24/2024,Window Blinds,Home,2784,14,Portugal,Public Utilities
10/1/2024,Personal Blender with Cups,Kitchen,3773,41,Palestinian Territory,Consumer Services
5/18/2025,Silicone Wine Glasses,Outdoor,2689,17,Vietnam,Basic Industries
6/6/2025,Steak Seasoning Rub,Food - Spices,1542,20,Cyprus,Miscellaneous
5/2/2025,Inspirational Wall Art,Home,2065,33,Poland,Consumer Services
6/26/2025,Chili Con Carne Mix,Food - Spices & Seasonings,3341,20,Afghanistan,Technology
5/31/2025,Puzzle 3D Model Kit,Toys,780,31,China,n/a
6/17/2025,Yoga Wheel,Fitness,4528,23,United States,Miscellaneous
2/10/2025,Smart Thermostat with Wi-Fi,Smart Home,3507,43,China,Miscellaneous
4/1/2025,Pumpkin Ice Cream,Food - Frozen Foods,2634,31,Colombia,Capital Goods
8/25/2024,Knitted Infinity Scarf,Clothing - Accessories,301,16,Jordan,Technology
2/28/2025,Pumpkin Puree,Food - Canned Goods,788,3,Mongolia,n/a
5/30/2025,LED Camping Lantern with USB Charging,Outdoor,2083,25,Mexico,Transportation
12/7/2024,Hand Crank Blender,Kitchen,4098,48,Indonesia,Consumer Services
11/17/2024,Peanut Butter Cookies,Food - Bakery,737,7,Ukraine,n/a
9/25/2024,Homestyle Beef Stew,Food - Canned Soups,3765,24,Macedonia,Finance
7/15/2025,Body Wash,Beauty,3115,14,Thailand,n/a
11/18/2024,Cinnamon Raisin Bagels,Food - Bakery,3554,26,Brazil,Transportation
9/21/2024,Decorative Throw Blanket,Home,783,2,Vietnam,Consumer Non-Durables
3/15/2025,Scented Candles,Home,1716,29,Botswana,Capital Goods
4/9/2025,Avocado Lime Dressing,Food - Condiments,649,21,Bangladesh,n/a
1/27/2025,Active Racerback Tank,Clothing - Tops,994,27,China,n/a
2/16/2025,Sweet Potatoes,Food - Produce,3731,15,Philippines,Health Care
10/31/2024,Honey Garlic Sauce,Food - Sauces,3874,4,United States,Capital Goods
5/24/2025,Maple Oatmeal,Food - Breakfast,2451,22,Brazil,Consumer Services
1/21/2025,Chocolate Protein Powder,Food - Supplements,4923,47,Indonesia,Capital Goods
11/21/2024,Wireless HDMI Receiver,Electronics,2190,17,Indonesia,n/a
10/23/2024,Beet Salad,Food - Prepared Foods,926,12,Indonesia,n/a
8/8/2024,Veggie Burger Patties,Food - Meat Substitutes,291,45,China,Miscellaneous
6/10/2025,Nut Butter Cups,Food - Snacks,1849,38,Russia,Consumer Services
12/25/2024,Digital Alarm Clock,Home,1420,41,Indonesia,Consumer Non-Durables
4/12/2025,Athletic Jogging Jacket,Clothing - Outerwear,4785,45,Cuba,Consumer Services
8/13/2024,Wireless Smart Plug,Smart Home,206,32,China,n/a
11/13/2024,Pumpkin Spice Muffins,Food - Bakery,1462,2,Philippines,Finance
1/16/2025,Frozen Vegetarian Pizza,Food - Frozen Meals,118,13,Brazil,n/a
6/8/2025,Inflatable Paddle Board,Outdoor,3477,2,Cuba,n/a
1/19/2025,Chickpea Snack Mix,Food - Snacks,2292,39,Mongolia,Health Care
10/20/2024,Mediterranean Couscous Salad,Food - Salads,3577,25,China,Finance
1/31/2025,Dark Chocolate Tart,Food - Desserts,252,41,China,n/a
9/3/2024,Vegetarian Pizza,Food - Frozen Foods,2491,9,Reunion,Finance
7/20/2025,Chocolate Mint Thins,Food - Snacks,1964,43,United States,Finance
3/6/2025,Cereal Dispenser with Portion Control,Kitchen,575,49,China,Energy
11/7/2024,Organic Whole Wheat Flour,Food - Baking Goods,4839,10,China,Basic Industries
7/24/2024,Almond Flour Biscuits,Food - Bakery,3325,42,Vietnam,Finance
8/16/2024,Memory Foam Pillow,Home,4602,36,China,Capital Goods
8/22/2024,Video Camera,Electronics,1313,1,Philippines,Miscellaneous
8/5/2024,Puffer Winter Coat,Clothing - Outerwear,594,5,Bulgaria,Health Care
1/3/2025,Sour Cream,Food - Dairy,3615,22,Ukraine,Miscellaneous
7/8/2025,Barbecue Chicken Pizza,Food - Frozen Foods,733,33,Russia,Consumer Services
8/1/2024,Instant Camera,Photography,1114,27,Yemen,Basic Industries
10/7/2024,Breathable Face Mask Set,Health,3343,23,Malaysia,Health Care
1/3/2025,Children's Educational Puzzle,Toys,4178,15,Benin,n/a
5/11/2025,Chipotle Black Bean Salad,Food - Salads,309,4,Russia,Finance
2/11/2025,Laundry Detergent,Food - Household,4962,48,Cameroon,Technology
3/8/2025,Coloring Books for Adults,Books,1966,50,Kazakhstan,n/a
4/26/2025,Ramen Noodles,Food - Pasta,3122,11,Uruguay,Basic Industries
12/25/2024,Bamboo Toothbrush,Health,1402,1,China,n/a
5/27/2025,Mixed Berry Smoothie Pack,Food - Frozen Food,3851,40,Turkmenistan,Finance
8/23/2024,Herbal Tea Sampler Box,Food,1362,2,China,Finance
12/25/2024,Peach Salsa,Food - Dips,3611,48,Philippines,n/a
7/3/2025,Compact Folding Table,Outdoor,41,31,Colombia,Consumer Services
10/21/2024,Luxury Bath Salts,Beauty,3221,30,Azerbaijan,Consumer Non-Durables
9/8/2024,Cauliflower Pizza Crust,Food - Frozen Foods,489,30,France,Consumer Services
8/28/2024,Basil Pesto Pasta,Food - Prepared Meals,2743,37,Dominican Republic,n/a
7/23/2024,Personalized Cutting Board,Kitchen,693,40,Russia,Consumer Services
4/7/2025,LED Flashlight with Rechargeable Batteries,Outdoor,2449,35,Russia,Consumer Services
7/20/2025,Hot Dog Buns,Food - Bakery,853,24,China,Capital Goods
4/4/2025,High-Quality Yoga Mat,Fitness,4682,28,Palestinian Territory,Health Care
3/7/2025,Sliced Olives,Food - Condiments,2484,48,Brazil,Technology
9/9/2024,Zesty Garlic Hummus,Food - Snacks,2415,32,Slovenia,Technology
6/3/2025,Banana Nut Muffins,Food - Bakery,4806,27,China,Consumer Services
5/7/2025,Natural Peanut Butter,Food - Spreads,4069,4,Indonesia,Health Care
5/24/2025,Red Lentil Pasta,Food - Pasta,3717,50,China,Health Care
2/22/2025,Hair Dryer,Beauty,1071,43,China,Health Care
6/27/2025,Dog Waste Bag Dispenser,Pets,3494,24,Philippines,n/a
6/25/2025,Coconut Lime Rice,Food - Sides,3386,5,China,Technology
1/28/2025,Peach Halves (canned),Food - Canned Goods,757,30,United States,Energy
4/22/2025,Dried Fruit Medley,Food - Snacks,2357,5,China,Finance
6/27/2025,Tabletop Fire Pit,Outdoor,1297,15,Botswana,Energy
11/24/2024,Fleece Hoodie,Clothing - Outerwear,1266,16,Serbia,Capital Goods
9/2/2024,Warm Knit Beanie,Clothing - Accessories,2572,17,Indonesia,Health Care
12/2/2024,Pet Food Storage Container,Pets,37,4,Germany,Public Utilities
4/2/2025,Home Karaoke System,Audio,2428,19,Brazil,Health Care
5/25/2025,Compact Dishwasher,Home Appliances,2585,10,Malaysia,Consumer Services
8/30/2024,Travel Shoe Bags Set,Travel,1392,14,Uruguay,Consumer Services
7/30/2024,Frozen Edamame,Food - Frozen Foods,2545,8,Canada,Consumer Services
5/28/2025,Self-Massaging Pillow,Health,998,12,Indonesia,Technology
12/17/2024,Relaxed Fit Henley Shirt,Clothing - Tops,2831,22,Portugal,n/a
4/1/2025,Cilantro Lime Rice,Food - Grains,116,45,United States,n/a
11/26/2024,Travel Makeup Organizer,Beauty,2338,18,Finland,Basic Industries
12/22/2024,Herbed Mushroom Risotto,Food - Prepared Foods,3185,41,China,n/a
1/23/2025,Coconut Cream Pie Mix,Food - Baking,3946,2,China,n/a
10/1/2024,Honey Glazed Carrots,Food - Produce,1399,34,Indonesia,Capital Goods
6/25/2025,Winter Insulated Jacket,Clothing,690,19,Russia,n/a
12/8/2024,Pet Caress Brush,Pets,481,10,France,Miscellaneous
12/23/2024,Chino Shorts,Clothing - Bottoms,2738,35,China,Health Care
12/29/2024,Maple Almond Granola,Food - Breakfast,1303,45,Nigeria,n/a
6/10/2025,Maple Chipotle Glaze,Food - Condiments,2578,2,Spain,Capital Goods
2/28/2025,Trainers with Mesh Inserts,Clothing - Footwear,3784,42,China,Technology
6/28/2025,Tahini,Food - Condiments,280,37,Canada,Miscellaneous
4/15/2025,Pet Training Pads,Pets,518,8,Colombia,Finance
3/7/2025,Electric Pressure Cooker,Kitchen,722,30,Argentina,Finance
7/19/2025,Fashionable Fanny Pack,Clothing - Accessories,1652,50,China,Technology
1/2/2025,Ripped Boyfriend Jeans,Clothing - Bottoms,4693,14,China,Health Care
2/7/2025,Apple Cinnamon Oatmeal,Food - Breakfast,1629,8,Japan,n/a
7/12/2025,Weighted Jump Rope,Fitness,3515,12,China,n/a
9/29/2024,Organic Baby Spinach,Food - Produce,1914,10,Indonesia,n/a
5/25/2025,Slim Wallet,Accessories,1123,9,Sweden,Consumer Services
12/1/2024,Pork Chops,Food - Meat,2000,2,Philippines,Consumer Services
7/26/2024,Spinach Feta Wraps,Food - Deli,2293,20,China,Finance
7/16/2025,Mini Fondue Set,Kitchen,1796,19,Serbia,Capital Goods
1/1/2025,Printed Maxi Skirt,Clothing - Skirts,1269,38,Indonesia,Public Utilities
6/23/2025,Steak Seasoning Rub,Food - Spices,3721,16,Slovenia,Finance
8/14/2024,Pet Grooming Brush,Pets,332,37,Indonesia,Finance
9/1/2024,Wireless Earbud Silicone Covers,Accessories,3714,6,Dominican Republic,Finance
12/16/2024,Honey Graham Crackers,Food - Snacks,2766,23,China,Health Care
12/10/2024,Travel Mug with Leak-Proof Lid,Kitchen,4710,10,Greece,Finance
1/29/2025,Kombucha Drink,Food - Beverages,4150,21,China,Energy
10/7/2024,Honey Mustard Sauce,Food - Condiments,3460,28,Portugal,n/a
1/2/2025,Digital Drawing Tablet,Art Supplies,3076,31,Indonesia,Technology
11/13/2024,Vegan Chickpea Salad,Food - Prepared Foods,4543,30,Indonesia,Finance
9/11/2024,Sun-Dried Tomatoes,Food - Vegetables,1401,12,Luxembourg,Energy
9/27/2024,Stainless Steel Cutlery Set,Kitchen,4339,36,Indonesia,Capital Goods
9/6/2024,Vanilla Ice Cream,Food - Frozen Foods,3381,2,Hungary,n/a
10/23/2024,Heat-Resistant Silicone Mat,Kitchen,1812,4,Pakistan,Consumer Services
1/6/2025,Raspberry Tart,Food - Baked Goods,709,18,Japan,n/a
2/22/2025,Nutty Granola Clusters,Food - Cereal,1409,29,Indonesia,n/a
12/18/2024,Fitness Resistance Bands,Fitness,3559,4,Iran,n/a
5/20/2025,Spicy Thai Chili Sauce,Food - Sauces,33,47,China,Consumer Services
3/5/2025,Canvas Tote Bag,Clothing - Accessories,3385,45,China,Energy
1/17/2025,Coconut Cream Pie Yogurt,Food - Dairy Alternatives,2540,22,Philippines,Finance
6/21/2025,Classic Minestrone Soup,Food - Soups,4515,28,Ukraine,Consumer Durables
11/11/2024,Bodyweight Resistance Bands,Fitness,1373,30,United States,Health Care
12/12/2024,Lemonade Mix,Food - Beverages,4851,22,Kyrgyzstan,n/a
8/14/2024,Cheddar Cheese Slices,Food - Dairy,356,44,China,Consumer Services
9/23/2024,Solar Power Bank,Electronics,1796,17,Russia,Consumer Non-Durables
5/11/2025,Honey Almond Granola Bars,Food - Snacks,4752,40,Ireland,Consumer Services
2/24/2025,Cheese Stuffed Jalapenos,Food - Snacks,2982,2,Tunisia,Finance
9/24/2024,Pumpkin Spice Pancake Mix,Food - Breakfast,4403,49,Serbia,Basic Industries
2/9/2025,Almond Butter Granola Bars,Food - Snacks,857,24,Slovenia,Finance
6/27/2025,Maple Glazed Carrots,Food - Prepared Foods,455,49,China,Health Care
9/15/2024,Chili Garlic Sauce,Food - Condiments,384,38,Ecuador,n/a
9/10/2024,Kale Chips,Food - Snacks,1768,43,Argentina,Consumer Services
11/26/2024,Gardening Gloves,Garden,1674,1,Russia,Finance
11/30/2024,Coconut Chia Pudding,Food - Dairy,3968,43,Brazil,Technology
2/11/2025,Cocktail Shaker and Mixing Glass Set,Kitchen,3983,15,Indonesia,n/a
7/3/2025,Spicy Italian Sausage,Food - Meat & Seafood,3057,49,Democratic Republic of the Congo,Public Utilities
9/21/2024,Teriyaki Chicken Skewers,Food - Meat,683,34,Philippines,n/a
9/14/2024,Chickpea Flour,Food - Baking,4600,30,China,Energy
3/23/2025,Organic Quinoa,Food - Grains,596,49,Indonesia,Health Care
10/9/2024,Suede Ankle Booties,Clothing - Footwear,4191,13,China,Basic Industries
9/7/2024,Chocolate Protein Powder,Food - Supplements,3046,41,China,Finance
7/12/2025,Foam Muscle Roller,Fitness,3305,22,Ukraine,Consumer Services
7/19/2025,Feta Cheese Crumbles,Food - Dairy,4514,22,Iran,Consumer Durables
8/5/2024,Almond Butter Cookies,Food - Snacks,1057,13,Syria,n/a
10/30/2024,Spicy Thai Coconut Soup,Food - Soups,3305,46,Macedonia,n/a
2/14/2025,Insulated Lunch Box,Kitchen,3097,35,Cameroon,n/a
2/13/2025,Nail Polish Set,Beauty,645,5,Indonesia,Finance
2/4/2025,Portable SSD,Storage,2694,2,China,n/a
9/19/2024,Pumpkin Spice Granola,Food - Breakfast,3031,29,China,Finance
4/1/2025,Mango Salsa,Food - Condiments,316,27,Russia,Energy
8/3/2024,Silicone Baking Cups,Kitchen,864,50,Nigeria,Health Care
2/11/2025,Poppy Seed Dressing,Food - Condiments,4794,18,China,Finance
9/19/2024,Chocolate Hazelnut Granola,Food - Cereal,4921,25,Peru,Consumer Services
7/1/2025,USB Wall Charger,Accessories,277,29,Montenegro,Basic Industries
7/22/2025,Fresh Basil Pesto,Food - Sauces,400,41,China,Energy
10/18/2024,Mechanical Pencil Set,Office,4026,31,Indonesia,Public Utilities
12/1/2024,Jasmine Rice,Food - Grains,526,24,Indonesia,Finance
8/2/2024,Mesh Laundry Bags Set,Home,1573,28,Peru,Capital Goods
8/3/2024,Gaming Mousepad,Gaming,3683,28,Indonesia,Health Care
7/25/2024,Vegan Mayonnaise,Food - Condiments,3268,10,Tunisia,Technology
11/4/2024,Cable Knit Cardigan,Clothing - Outerwear,3005,28,China,Energy
6/23/2025,Organic Italian Seasoning,Food - Spices,3493,35,Indonesia,Public Utilities
6/21/2025,Raspberry Vanilla Greek Yogurt,Food - Dairy,2113,18,China,Technology
3/18/2025,Watering Can with Nozzle,Garden,1310,2,China,Transportation
4/8/2025,Portable Speaker Stand,Audio,2846,46,Sweden,Capital Goods
6/28/2025,Wireless Charger Stand,Electronics,1149,35,China,Consumer Services
5/28/2025,Wall-Mounted Organizer,Home,2595,38,United States,Finance
12/23/2024,Wireless Charger Stand,Electronics,3321,38,South Africa,Technology
10/2/2024,High-Top Leather Boots,Clothing - Footwear,1445,34,Indonesia,Technology
10/8/2024,Multi-Function Meat Tenderizer,Kitchen,1947,16,Sweden,Consumer Services
9/20/2024,Granola Cereal,Food - Breakfast,3439,18,Argentina,Consumer Services
12/21/2024,Cinnamon Sugar Popcorn,Food - Snacks,1688,14,Ireland,Capital Goods
2/22/2025,Outdoor Fire Pit,Outdoor,247,37,China,Consumer Services
12/8/2024,Sculpting Kit,Art Supplies,735,25,Vietnam,Public Utilities
2/28/2025,Outdoor String Lights,Outdoor,2848,34,France,Transportation
5/3/2025,Silicone Ice Cube Tray,Kitchen,1661,41,Russia,n/a
4/3/2025,Toilet Paper (12 rolls),Food - Household,4145,20,Fiji,Consumer Services
9/26/2024,Rustic Italian Breads,Food - Bakery,4445,18,Canada,n/a
8/4/2024,Chocolate Chip Muffins,Food - Bakery,4567,4,Indonesia,Capital Goods
4/11/2025,Compact Pop-Up Tent,Outdoor,3612,48,Peru,Public Utilities
5/8/2025,Quinoa,Food - Grains,1238,8,Ivory Coast,Capital Goods
2/12/2025,Mini Waffle Maker,Kitchen,1934,8,Brazil,Finance
8/20/2024,Legging Pants,Clothing - Activewear,1085,5,China,n/a
5/5/2025,Ginger Tea,Food - Beverages,2175,5,China,Energy
12/26/2024,Electric Stool Heater,Home,722,18,Guatemala,Public Utilities
10/22/2024,Air Mattress,Outdoor,4925,42,China,Consumer Services
1/14/2025,Camping Chair,Outdoor,960,18,Cuba,Consumer Non-Durables
6/22/2025,Wireless Wi-Fi Extender,Electronics,213,41,Finland,n/a
9/11/2024,Juice Extractor,Kitchen,1344,7,Portugal,Public Utilities
12/11/2024,Electric Blanket,Home,3852,5,Chile,Consumer Services
5/6/2025,Kids' Science Experiment Kit,Toys,473,17,Colombia,n/a
1/27/2025,Non-Stick Baking Sheet,Kitchen,1331,28,China,Public Utilities
5/21/2025,Sparkling Blood Orange Soda,Food - Beverages,4013,34,China,Technology
2/23/2025,Blueberry Chia Jam,Food - Spreads,4461,32,China,n/a
10/10/2024,Sliced Ham,Food - Meat,567,16,Gambia,Consumer Non-Durables
3/21/2025,Apple Sauce,Food - Canned Goods,4352,19,Tanzania,Technology
3/13/2025,Gardening Gloves with Claws,Garden,389,2,Brazil,n/a
8/5/2024,Buffalo Cauliflower Wings,Food - Frozen Foods,4048,45,Peru,Finance
6/18/2025,Silicone Stretch Lids,Kitchen,1857,6,Indonesia,Consumer Non-Durables
11/12/2024,Sweet BBQ Dipping Sauce,Food - Condiments,2120,34,Japan,Health Care
8/9/2024,Memory Foam Mattress Topper,Home,4557,13,French Polynesia,Basic Industries
6/13/2025,Vegetable Medley,Food - Produce,81,10,Sweden,n/a
8/23/2024,USB-C Hub,Computers,3965,19,Czech Republic,n/a
5/16/2025,Weighted Jump Rope,Fitness,187,11,China,Consumer Services
3/5/2025,Spicy Thai Coconut Soup,Food - Soups,2316,21,China,Basic Industries
10/7/2024,Dill Pickle Chips,Food - Condiments,1582,7,China,Health Care
8/15/2024,Electric Blanket,Home,444,40,Indonesia,Technology
2/5/2025,Heated Throw Blanket,Home,4035,14,Mongolia,Energy
5/28/2025,Watering Can with Nozzle,Garden,1043,21,France,Consumer Services
12/23/2024,Leather Biker Jacket,Clothing - Outerwear,2142,36,Estonia,Health Care
10/30/2024,Vegan Protein Powder,Health,2715,29,Russia,Capital Goods
1/25/2025,Hand Crank Blender,Kitchen,1446,33,Vietnam,n/a
12/11/2024,French Bread,Food - Bakery,3684,33,Indonesia,n/a
12/26/2024,Ice Cube Tray with Lid,Kitchen,716,8,China,Energy
3/23/2025,Creamy Avocado Dip,Food - Snacks,108,45,Ecuador,Health Care
6/1/2025,Smoky BBQ Jackfruit,Food - Grocery,1734,19,China,Finance
11/1/2024,Personal Safety Alarm,Safety,2195,46,Indonesia,Health Care
7/16/2025,Italian Sausage and Peppers,Food - Meat,1834,32,Kuwait,Public Utilities
12/15/2024,Ultraviolet Phone Sanitizer,Health,730,1,Philippines,Technology
8/11/2024,Dog Training Whistle,Pets,4450,23,Greece,Health Care
7/30/2024,Handcrafted Wooden Coasters,Home,3576,12,Canada,Basic Industries
9/27/2024,Tailored Dress Pants,Clothing - Bottoms,4137,32,Brazil,Finance
9/16/2024,Wireless HDMI Transmitter,Electronics,2725,25,France,Consumer Services
12/23/2024,Quinoa & Black Bean Salad,Food - Salads,4513,37,Venezuela,n/a
10/24/2024,Eco-Friendly Stainless Steel Straws,Kitchen,3128,13,United States,n/a
8/24/2024,Pet Food Storage Container,Pets,1539,4,Argentina,n/a
5/15/2025,Greek Yogurt Parfait,Food - Dairy,1994,16,Philippines,Health Care
7/19/2025,Rain Jacket,Clothing,4568,30,Russia,n/a
11/30/2024,Incense Holder,Home,959,42,Guatemala,n/a
11/15/2024,Italian Pasta,Food - Grains,1241,30,Argentina,Basic Industries
6/3/2025,Laptop Sleeve,Accessories,2237,8,Mexico,Basic Industries
8/31/2024,Natural Soy Candles,Home,849,16,China,Finance
12/16/2024,Garden Hoses with Expandable Features,Garden,1164,46,Brazil,n/a
12/26/2024,Smartphone Tripod,Photography,3016,23,Brazil,Technology
4/21/2025,Lemon Zest Olive Oil,Food - Oils & Vinegars,1059,3,Iceland,Energy
12/11/2024,Electric Wax Warmer,Home,3118,31,Ireland,Health Care
8/17/2024,Rain Jacket,Clothing,1844,11,China,Consumer Durables
12/4/2024,Elderberry Syrup Kit,Health,2726,6,Portugal,Public Utilities
2/7/2025,Set of Silicone Baking Molds,Kitchen,2343,39,Indonesia,Consumer Services
10/8/2024,Turkey Bacon,Food - Meat,1171,49,Indonesia,Technology
12/12/2024,Butternut Squash Ravioli,Food - Frozen Foods,1329,44,Iran,Finance
9/20/2024,Coconut Cream,Food - Baking & Cooking,3027,18,Ukraine,Finance
2/9/2025,Maple Pecan Granola,Food - Breakfast,1158,50,Thailand,Finance
7/2/2025,Cauliflower Rice Stir-Fry,Food - Frozen Foods,473,2,Slovenia,Transportation
4/28/2025,Cauliflower Pizza Crust,Food - Frozen Foods,2601,14,Indonesia,n/a
9/17/2024,Pet Carrier,Pets,1263,22,Ireland,n/a
9/26/2024,Portable Pet Bathing Tool,Pets,2424,46,France,Finance
12/31/2024,Self-Watering Planters,Garden,4793,25,Tunisia,Basic Industries
1/16/2025,Mediterranean Flatbread,Food - Bakery,2994,30,Portugal,n/a
10/23/2024,Electric Skillet,Kitchen,3196,32,Canada,Basic Industries
10/19/2024,Spicy Chicken Wings,Food - Meat,3078,4,Colombia,Finance
6/23/2025,Smart Thermos,Fitness,952,11,Poland,Energy
10/28/2024,Rain Jacket,Clothing,688,33,Indonesia,Technology
6/11/2025,Silicone Baking Mat,Kitchen,4160,2,Denmark,Health Care
11/30/2024,Pumpkin Puree,Food - Canned Goods,3749,4,Ukraine,n/a
8/14/2024,Balsamic Glazed Brussels Sprouts,Food - Vegetables,1301,47,Ukraine,Finance
11/23/2024,Weighted Blanket for Adults,Health,3411,1,France,Technology
11/13/2024,Herb Garden Planter Box,Garden,1821,47,Netherlands,Consumer Services
8/11/2024,Kids' Art Supplies Kit,Toys,107,20,Japan,n/a
9/16/2024,Stuffed Grape Leaves,Food - Prepared Foods,2844,1,Canada,n/a
1/9/2025,Electric Food Steamer,Kitchen,4152,10,China,Capital Goods
12/18/2024,Adjustable Laptop Stand,Office,4898,17,Philippines,n/a
12/18/2024,Whole Chicken,Food - Meat,3630,25,Canada,Energy
9/17/2024,Thai Basil Fried Rice,Food - Frozen,3607,42,United States,Finance
11/27/2024,Infrared Thermometer,Health,3975,50,United States,n/a
5/21/2025,Chocolate Mint Cookies,Food - Baking,2116,5,Panama,Consumer Services
2/20/2025,Watercolor Paint Set,Art Supplies,4345,24,Philippines,Health Care
11/7/2024,Voice-Controlled Speaker,Audio,1823,13,Russia,Health Care
9/25/2024,Gluten-Free Biscuits,Food - Baking,1823,28,Russia,Public Utilities
12/1/2024,Chic Ankle Strap Heels,Clothing - Shoes,4734,29,Macedonia,Capital Goods
1/30/2025,Home Cleaning Robot,Home Appliances,2780,5,South Africa,Technology
8/6/2024,Vegetable Stir Fry Mix,Food - Fresh Produce,103,28,Brazil,Health Care
8/16/2024,Honey Butter Popcorn,Food - Snacks,1256,40,Indonesia,Finance
10/29/2024,Chocolate Chip Pancake Mix,Food - Bakery,2511,49,China,Miscellaneous
3/17/2025,Vegan chocolate chip cookies,Food - Bakery,2622,26,Mexico,Finance
10/25/2024,Cacao Powder,Food - Baking,1930,33,Georgia,Capital Goods
1/8/2025,Savory Oatmeal Cups,Food - Breakfast,3836,4,Philippines,Health Care
4/30/2025,Woven Storage Baskets,Home,2725,22,China,Transportation
8/20/2024,Camera Tripod,Photography,1015,39,Poland,Technology
8/9/2024,Homemade Salsa,Food - Condiments,4701,24,Ethiopia,Basic Industries
10/30/2024,Herbed Mushroom Risotto,Food - Prepared Foods,3495,24,Portugal,Miscellaneous
11/7/2024,Dark Chocolate Raisins,Food - Snacks,4089,2,Egypt,Health Care
8/2/2024,Habanero Hot Sauce,Food - Condiments,4349,22,Ivory Coast,Energy
12/20/2024,Pet Carrier Backpack,Pets,3465,39,Somalia,Health Care
10/12/2024,Water Bottle,Fitness,1163,22,Indonesia,n/a
12/12/2024,Silicone Stretch Lids,Kitchen,4972,25,Argentina,Basic Industries
8/4/2024,Noise Reduction Headphones,Audio,189,45,China,Technology
9/3/2024,Wildflower Honey,Food - Condiments,1916,2,Cyprus,n/a
2/17/2025,Surimi Crab Sticks,Food - Seafood,3208,15,Finland,Technology
3/20/2025,Sliced Cucumbers,Food - Produce,1493,7,Russia,Health Care
3/18/2025,Stainless Steel Straws,Kitchen,2946,29,Belarus,Basic Industries
11/27/2024,Honey mustard chicken tenders,Food - Meat,1245,36,China,Health Care
3/22/2025,Silicone Baking Molds,Kitchen,3128,44,Cameroon,Technology
5/19/2025,Digital Stopwatch Timer,Fitness,2204,27,China,Finance
4/20/2025,Laundry Detergent,Food - Household,3321,2,Ukraine,Capital Goods
4/4/2025,Classic Pesto Sauce,Food - Sauces,2332,42,Armenia,Consumer Services
4/25/2025,Chili Beans (canned),Food - Canned Goods,1240,24,China,Consumer Services
12/5/2024,Rustic Italian Bread,Food - Bakery,3406,34,Panama,Technology
7/11/2025,Mediterranean Couscous,Food - Grains,2243,19,China,n/a
2/9/2025,Feta Cheese Crumbles,Food - Dairy,3154,14,China,Transportation
2/9/2025,Portable Charcoal Grill,Outdoor,2707,21,China,Finance
10/13/2024,Chickpeas,Food - Canned Goods,1786,35,Indonesia,n/a
3/27/2025,Chocolate Chip Pancake Mix,Food - Bakery,3578,6,Ukraine,n/a
9/5/2024,Microfiber Cleaning Cloth Set,Home,3178,8,France,Health Care
5/23/2025,Blender Bottle,Fitness,4050,42,Brazil,Technology
5/3/2025,Asian Salad Mix,Food - Produce,1046,1,France,Public Utilities
8/3/2024,Reclining Camping Chair,Outdoor,2989,41,China,Consumer Services
11/23/2024,Asian Stir-Fry Vegetables,Food - Frozen Foods,2416,42,Serbia,Technology
11/8/2024,Cauliflower Rice Stir-Fry,Food - Frozen Foods,2898,48,Honduras,Health Care
2/14/2025,Mango Chilli Sauce,Food - Condiments,285,1,France,Health Care
3/18/2025,Fitness Activity Journal,Fitness,3164,24,Indonesia,Capital Goods
8/14/2024,Car Diagnostic Scanner,Automotive,2434,42,Cyprus,Health Care
8/27/2024,Luxury Rolling Makeup Case,Beauty,1545,36,Philippines,n/a
3/7/2025,Fashionable Scarves Set,Clothing,3329,10,China,Finance
10/17/2024,Whole Wheat Bread,Food - Bakery,2210,6,Indonesia,n/a
11/6/2024,Savory Oatmeal,Food - Breakfast,3211,8,China,Health Care
2/7/2025,Vegan Alfredo Sauce,Food - Sauces,886,16,Indonesia,Finance
12/27/2024,Measuring Cups Set,Kitchen,442,46,China,Finance
9/9/2024,Honey Roasted Almonds,Food - Snacks,3716,34,Pakistan,Energy
9/24/2024,Wooden Blocks,Toys,3837,17,Philippines,Finance
3/3/2025,Wireless Wi-Fi Extender,Electronics,2011,49,Finland,n/a
1/20/2025,Raspberry Tart,Food - Baked Goods,773,25,Panama,Health Care
5/25/2025,Safety Goggles,Safety,2796,21,China,Capital Goods
12/18/2024,Raspberry Tart,Food - Baked Goods,3894,9,Indonesia,Consumer Services
8/17/2024,Vegan Mayonnaise,Food - Condiments,3458,7,Sweden,Energy
3/10/2025,Magnetic Puzzle Board,Toys,126,1,Indonesia,Health Care
4/27/2025,Chocolate Fudge Brownie Mix,Food - Baking,2236,19,Haiti,Finance
7/25/2024,Floral Wrap Top,Clothing - Tops,3417,1,Brazil,n/a
3/2/2025,Organic Chia Seeds,Food - Health Foods,4388,29,Japan,Consumer Services
7/1/2025,Mushroom Soup (canned),Food - Canned Goods,2970,36,China,Consumer Services
7/4/2025,Chickpea Flour,Food - Baking,3000,47,Colombia,Health Care
5/27/2025,Weighted Blanket,Health,2950,3,Malaysia,n/a
4/20/2025,Lemon Sorbet,Food - Frozen Desserts,1797,42,Russia,Health Care
2/12/2025,Rechargeable Electric Screwdriver,Tools,773,17,Norway,Energy
6/8/2025,Maple Bacon Popcorn,Food - Snacks,537,1,South Korea,Capital Goods
7/21/2025,Salsa Verde,Food - Condiments,3801,44,Iran,Health Care
5/15/2025,Personal Blender,Kitchen,1053,21,Chile,Consumer Services
3/27/2025,High-Quality Yoga Mat,Fitness,2305,50,Indonesia,Finance
6/23/2025,Solar String Lights,Outdoor,737,45,South Korea,n/a
7/5/2025,Chicken Sausage,Food - Meat,2432,20,Russia,Capital Goods
7/12/2025,Adjustable Height Standing Desk Converter,Office,748,49,Indonesia,Transportation
12/27/2024,Pistachios,Food - Nuts,2014,4,France,Finance
5/22/2025,Peanut Butter Chocolate Clusters,Food - Desserts,702,21,China,Miscellaneous
5/3/2025,Watercolor Set,Art Supplies,2358,20,United States,Finance
12/3/2024,Winter Knit Beanie,Clothing,4780,35,China,Basic Industries
12/10/2024,Honey-Balsamic Vinaigrette,Food - Dressing,3973,8,China,n/a
12/3/2024,Pistachio Ice Cream,Food - Frozen Desserts,3102,31,Armenia,Technology
5/13/2025,Homestyle Beef Stew,Food - Canned Soups,3005,2,France,Technology
1/28/2025,Smart WiFi Plug,Smart Home,281,25,Indonesia,n/a
1/26/2025,Chili Lime Seasoning,Food - Spices,4459,1,China,Energy
12/19/2024,Dog Car Seat Cover,Pets,4665,45,China,Health Care
9/20/2024,Spicy BBQ Sauce,Food - Condiments,4592,45,Uzbekistan,Finance
5/28/2025,Organic Brown Sugar,Food - Baking,2804,38,Indonesia,Consumer Services
12/25/2024,Portable SSD,Storage,2083,31,Portugal,Public Utilities
12/19/2024,Garlic & Herb Goat Cheese,Food - Dairy,1588,16,South Africa,Finance
7/1/2025,Kids' Art Easel,Toys,2668,7,Japan,Energy
10/30/2024,Safety Goggles,Safety,2796,26,Greece,n/a
11/24/2024,Memory Foam Mattress Pad,Home,2023,28,Slovenia,Technology
9/27/2024,Wooden Blocks,Toys,1954,20,China,n/a
10/6/2024,Asian Noodle Salad Kit,Food - Salads,4500,47,Philippines,Consumer Services
7/16/2025,Chocolate Mint Protein Shake,Food - Beverages,4354,9,Mongolia,Consumer Services
8/19/2024,Window Bird Feeder with Suction Cups,Outdoor,484,29,Ivory Coast,n/a
6/23/2025,Chocolate Chip Cookie Dough,Food - Baking,4034,38,Nigeria,Finance
11/6/2024,Air Mattress,Outdoor,129,6,Colombia,n/a
1/18/2025,Fresh Cilantro,Food - Produce,188,3,Russia,Health Care
3/24/2025,Laptop Sleeve,Accessories,843,44,Indonesia,Technology
12/18/2024,Beef Tacos,Food - Meat,1577,40,China,Finance
5/8/2025,Sports Water Bottle with Infuser,Fitness,4911,19,Madagascar,Technology
3/25/2025,Handheld Vacuum,Home Appliances,3677,31,Yemen,Health Care
2/8/2025,Multi-Layer Food Steamer,Kitchen,4055,24,Sweden,Consumer Services
1/23/2025,Wireless Security Camera,Home,800,18,Japan,Consumer Services
9/27/2024,Travel Jewelry Case,Accessories,3959,31,Indonesia,n/a
7/7/2025,Wireless Range Extender,Electronics,1629,16,Indonesia,Capital Goods
3/4/2025,Vegetable Lasagna,Food - Frozen Foods,1581,15,Russia,Basic Industries
1/7/2025,Almond Flour,Food - Baking,4731,24,Philippines,Technology
11/7/2024,Customizable Wall Calendar,Office,402,13,China,Finance
3/30/2025,Basmati Rice,Food - Grains,4590,48,Russia,Technology
8/25/2024,Dark Chocolate Raisins,Food - Snacks,1300,37,Afghanistan,Health Care
7/1/2025,Homestyle Chicken Noodle Soup,Food - Canned Goods,3152,25,China,Miscellaneous
1/22/2025,Instant Pot,Kitchen,3214,12,Indonesia,Technology
5/29/2025,Car Escape Tool,Automotive,1851,23,China,Consumer Services
6/21/2025,Kitchen Scale,Kitchen,3045,49,Albania,Energy
11/29/2024,Cucumber,Food - Produce,1091,3,Colombia,Finance
3/27/2025,Wild Rice & Quinoa Mix,Food - Grains,3563,17,China,Health Care
5/20/2025,Dried Fruit Medley,Food - Snacks,4967,31,China,n/a
2/28/2025,Wireless Charging Pad,Accessories,4263,35,Tanzania,Basic Industries
11/21/2024,Electric Stool Heater,Home,4111,36,China,Public Utilities
4/27/2025,Oversized Denim Shirt,Clothing - Shirts,2030,26,Indonesia,n/a
9/10/2024,Weighted Blanket,Health,496,25,Brazil,Capital Goods
6/23/2025,Organic Green Tea,Food - Beverages,4946,45,Venezuela,Consumer Services
12/16/2024,Herbed Chicken Breast,Food - Meat,845,13,Afghanistan,Consumer Services
1/3/2025,Chocolate Fudge Brownie Mix,Food - Baking,247,36,Netherlands,Technology
6/12/2025,Coconut Almond Granola,Food - Breakfast,3722,1,Poland,n/a
11/11/2024,Herbal Tea Set,Food,3829,30,Indonesia,Health Care
6/24/2025,Oats,Food - Grains,4714,42,United States,Consumer Services
1/8/2025,Crispy Kale Chips,Food - Snacks,177,20,Bosnia and Herzegovina,Technology
8/5/2024,Yoga Strap,Fitness,365,17,Philippines,n/a
1/5/2025,Sunglasses Case,Accessories,351,14,Argentina,Finance
2/12/2025,Handmade Soap Making Kit,Crafts,1987,30,Bolivia,Finance
8/20/2024,Wild Rice Pilaf,Food - Grains,1321,13,Kenya,Health Care
5/2/2025,Gaming Headset,Gaming,4789,13,Lithuania,Consumer Services
6/1/2025,Organic Granola,Food - Breakfast,3692,9,China,Finance
2/25/2025,Coconut Chia Seed Pudding,Food - Snacks,3021,23,Czech Republic,Consumer Services
7/25/2024,Mini Projector,Electronics,845,14,Costa Rica,n/a
8/3/2024,Smart Wi-Fi Camera,Smart Home,1949,45,Philippines,n/a
1/9/2025,Canned Sardines,Food - Seafood,2808,8,China,Public Utilities
2/14/2025,Coconut Chia Pudding,Food - Dairy,85,4,United States,Technology
11/1/2024,Chili Powder,Food - Spices,210,45,China,n/a
3/8/2025,Pasta Portion Control Measure,Kitchen,4022,47,Argentina,n/a
11/19/2024,Compact Dishwasher,Home Appliances,2621,13,Philippines,Public Utilities
2/1/2025,Soft Plush Throw Blanket,Home,3121,19,Japan,Miscellaneous
2/24/2025,Electric Kettle,Kitchen,1407,50,China,Energy
8/19/2024,Chocolate Syrup,Food - Condiments,4456,2,Brazil,Health Care
6/19/2025,Puzzle Mat,Toys,2956,22,Indonesia,Finance
3/6/2025,Wireless HDMI Transmitter,Electronics,4752,22,China,Health Care
9/11/2024,Ethical Wool Scarf,Clothing - Accessories,2078,25,Nigeria,Consumer Non-Durables
9/14/2024,Foam Roller for Muscle Recovery,Fitness,1447,6,China,Consumer Services
11/18/2024,Honey Sesame Chicken,Food - Frozen Food,471,18,China,Health Care
8/28/2024,Portable Charcoal Grill,Outdoor,3419,38,France,Health Care
12/30/2024,Peanut Butter Banana Smoothie,Food - Beverages,3886,31,United States,Miscellaneous
12/22/2024,Beef Jerky,Food - Snacks,3723,48,China,n/a
11/3/2024,Electric Razor,Health,1871,34,Philippines,n/a
8/28/2024,Portable Jump Starter,Automotive,4150,47,Indonesia,Health Care
6/23/2025,Mediterranean Couscous Salad,Food - Salads,4039,47,Brazil,n/a
7/20/2025,Camping Lantern,Outdoor,2264,2,Russia,n/a
11/29/2024,Digital Kitchen Timer,Kitchen,292,21,Brazil,Technology
11/9/2024,Hummus Trio Pack,Food - Snacks,194,25,Russia,Public Utilities
2/6/2025,Smartphone Car Mount with Wireless Charging,Automotive,4034,11,Mexico,n/a
1/11/2025,Ankle Boots,Clothing - Footwear,3781,15,Vietnam,Health Care
9/15/2024,Creamy Ranch Dressing,Food - Dressings,2230,37,Turkmenistan,n/a
7/13/2025,Margherita Pizza,Food - Frozen Foods,3694,23,Thailand,Public Utilities
8/22/2024,Dried Cranberries,Food - Snacks,2846,9,Indonesia,Technology
9/27/2024,Hot Dog Buns,Food - Bakery,3526,38,China,Capital Goods
9/18/2024,Energy Protein Bars,Food - Snacks,3826,7,United Kingdom,Public Utilities
12/11/2024,Camping Lantern,Outdoor,3356,6,Indonesia,Finance
9/8/2024,Fitness Foam Roller,Fitness,1891,16,Brazil,Capital Goods
5/13/2025,Salsa,Food - Condiments,2849,37,China,Finance
5/18/2025,Hiking Boots,Footwear,2439,13,Portugal,Health Care
2/2/2025,Coconut Cream Pie,Food - Bakery,1634,7,Indonesia,Technology
2/8/2025,Samoas Cookie Mix,Food - Baking,4195,36,South Korea,Consumer Services
1/27/2025,Hiking Boots,Footwear,3519,26,Mexico,Capital Goods
7/12/2025,Yoga Wheel,Fitness,4948,41,Poland,n/a
7/6/2025,Home Office Chair,Furniture,3023,48,Philippines,n/a
2/26/2025,Whole Wheat Bread,Food - Bakery,4025,28,Poland,Consumer Services
2/21/2025,Energy Protein Bars,Food - Snacks,3555,22,Thailand,Capital Goods
7/28/2024,Warm Wool Sweater,Clothing - Tops,2103,31,Nigeria,Consumer Non-Durables
12/4/2024,Cabbage,Food - Produce,4467,50,Brazil,Finance
3/27/2025,Energy Protein Bars,Food - Snacks,2326,5,United States,Consumer Services
5/24/2025,Cabbage Slaw Mix,Food - Vegetables,1306,2,Thailand,Capital Goods
4/9/2025,Organic Whole Wheat Flour,Food - Baking Goods,2891,23,Argentina,Technology
7/22/2025,Mango Chilli Sauce,Food - Condiments,3080,27,China,n/a
8/3/2024,Pet Hair Removal Brush,Pets,4864,29,Czech Republic,Finance
4/28/2025,Plant-Based Meal Prep Containers,Kitchen,552,35,Philippines,Miscellaneous
6/8/2025,Weighted Blanket for Adults,Health,4289,1,China,Health Care
9/22/2024,Kids' Learning Tablet,Electronics,1739,34,Canada,n/a
7/26/2024,Premium Flashlight,Outdoor,1381,11,Greece,Finance
11/5/2024,Potato Wedge Seasoning,Food - Condiments,181,38,Uganda,Health Care
8/31/2024,Gardening Tool Belt,Garden,2547,47,China,Consumer Services
9/18/2024,Oven Mitts,Kitchen,1754,7,Russia,Consumer Services
2/15/2025,Outdoor Fire Pit,Outdoor,2347,41,China,Finance
11/4/2024,Whole Grain Cereal,Food - Breakfast,4687,34,Albania,Consumer Non-Durables
9/30/2024,Chiffon Blouse,Clothing - Shirts,4585,17,Czech Republic,Consumer Services
7/20/2025,Smart Wi-Fi Light Bulbs,Smart Home,1588,16,China,Health Care
4/16/2025,Patterned Knit Scarf,Clothing - Accessories,869,29,Nicaragua,n/a
5/13/2025,Cocoa Powder,Food - Baking,3871,24,Indonesia,Capital Goods
2/25/2025,Yoga Wheel,Fitness,2289,3,Peru,Capital Goods
8/18/2024,Magnetic Phone Car Mount,Automotive,2311,25,Portugal,Health Care
11/11/2024,Wireless Mouse,Electronics,3369,20,Bosnia and Herzegovina,Consumer Services
2/18/2025,Kids' Art Supplies Kit,Toys,2534,38,Poland,Consumer Services
12/15/2024,Bamboo Utensil Set,Kitchen,4858,36,Portugal,Consumer Durables
9/28/2024,Buffalo Wing Sauce,Food - Condiments,1697,27,China,Public Utilities
11/15/2024,Quinoa and Kale Salad Kit,Food - Salads,3864,6,Cambodia,Finance
1/31/2025,Organic Sweet Potatoes,Food - Produce,3352,32,Bulgaria,Public Utilities
11/12/2024,Silicone Stretch Lids,Kitchen,4489,24,Japan,n/a
7/7/2025,Buffalo Stilton Cheese,Food - Cheese,4994,1,Democratic Republic of the Congo,Basic Industries
9/10/2024,Mango Chili Salsa,Food - Condiments,2603,40,Russia,Energy
12/19/2024,Hand Crank Blender,Kitchen,3733,27,Brazil,n/a
5/12/2025,Non-Stick Grill Mat,Outdoor,1381,28,Poland,Consumer Services
2/22/2025,Pumpkin Pie Spice,Food - Baking,1712,41,Indonesia,Capital Goods
1/17/2025,Bluetooth Car Adapter,Automotive,4885,28,Indonesia,n/a
11/11/2024,Frozen Acai Bowl,Food - Frozen Foods,2281,40,Canada,Consumer Services
8/1/2024,Car Phone Mount,Automotive,2545,37,Philippines,Health Care
2/27/2025,Personal Blender with Travel Cup,Kitchen,3118,27,Russia,Basic Industries
1/24/2025,Leather Crossbody Bag,Clothing - Bags,2484,18,Japan,n/a
10/9/2024,Herbal Garden Starter Kit,Garden,3954,19,Namibia,Finance
9/16/2024,Comfortable Bed Pillow,Home,4421,48,Peru,Basic Industries
2/14/2025,Multi-Port USB Hub,Electronics,1383,46,China,Finance
6/21/2025,Mango Chilli Sauce,Food - Condiments,4039,45,Guatemala,Consumer Non-Durables
5/5/2025,Coconut Macaroons,Food - Confectionery,54,43,France,Health Care
10/13/2024,USB Wall Charger,Accessories,3649,30,Greece,Technology
4/9/2025,Bodyweight Resistance Bands,Fitness,836,11,Albania,n/a
6/27/2025,Bluetooth Headphones,Audio,179,29,Macedonia,Technology
10/16/2024,Fashionable Scarves Set,Clothing,1506,44,United States,n/a
1/28/2025,A-Line Skirt,Clothing - Bottoms,1704,16,Philippines,Consumer Services
6/8/2025,Greek Yogurt Parfait,Food - Dairy,1755,11,Nigeria,Finance
5/19/2025,Waterproof Rain Boots,Clothing - Footwear,1682,3,France,Technology
6/7/2025,Chocolate Chip Energy Balls,Food - Snacks,2045,9,Sweden,Health Care
4/30/2025,Gardening Gloves with Claws,Garden,1068,27,Cyprus,n/a
3/29/2025,Gluten-Free Brownies,Food - Baking,4372,19,United States,n/a
9/27/2024,Savory Snack Mix,Food - Snacks,3880,1,China,Technology
12/12/2024,Pineapple Chunks (canned),Food - Fruits,2296,39,United States,Capital Goods
3/3/2025,Cilantro Lime Rice,Food - Grains,3196,11,Serbia,n/a
7/17/2025,Customizable Photo Calendar,Books,500,19,Russia,n/a
10/11/2024,Herb Seasoned Croutons,Food - Salad Toppings,1781,20,Poland,Finance
6/18/2025,Natural Fruit Snacks,Food - Snacks,2870,1,Russia,Health Care
9/8/2024,Pesto Genovese,Food - Condiments,1697,24,Colombia,Finance
6/25/2025,Classic Minestrone Soup,Food - Soups,1314,23,Marshall Islands,Technology
3/24/2025,Turkey Bacon,Food - Meat,566,4,China,n/a
6/11/2025,Garden Hose Reel,Garden,3456,29,Mexico,n/a
6/26/2025,Ice Cream Scoop,Kitchen,1439,12,Zambia,Finance
7/19/2025,Zucchini,Food - Produce,69,27,China,Capital Goods
8/17/2024,Recipe Book Stand,Kitchen,2652,46,Brazil,Public Utilities
12/21/2024,Salt and Pepper Grinder Set,Kitchen,4537,42,Czech Republic,Consumer Services
2/15/2025,Zesty Cilantro Lime Dressing,Food - Condiments,451,35,Finland,Technology
9/15/2024,Collapsible Pet Dog Bowl,Pets,1190,27,Indonesia,Energy
3/18/2025,Yoga Mat Carrier,Fitness,3101,42,Poland,Health Care
12/2/2024,Black Bean Salsa,Food - Snacks,2638,47,Indonesia,Public Utilities
11/26/2024,Organic Cereal Bars,Food - Snacks,4242,37,Ukraine,Energy
5/1/2025,Travel Orthopedic Pillow,Travel,4544,8,Czech Republic,Finance
11/12/2024,Garlic and Herb Rub,Food - Spices,4336,46,Colombia,Miscellaneous
10/2/2024,Electric Rice Cooker with Steamer,Kitchen,849,5,Russia,Public Utilities
5/26/2025,Vegetable Medley,Food - Produce,1509,49,Brazil,n/a
4/27/2025,Denim Jacket,Clothing - Outerwear,4540,30,Kuwait,n/a
3/4/2025,Fresh Cilantro,Food - Produce,2846,50,France,Consumer Services
6/13/2025,Vintage Graphic Tee,Clothing - Tops,634,33,Afghanistan,Finance
10/3/2024,Smart Thermos,Fitness,1067,29,Philippines,n/a
7/8/2025,Vegetarian Stuffed Peppers,Food - Prepared Foods,3921,35,Finland,Finance
7/21/2025,Smartphone Gimbal Stabilizer,Photography,3873,40,Greece,Capital Goods
11/5/2024,Fruit and Nut Bars,Food - Snacks,3435,5,Indonesia,Finance
1/4/2025,Luxury Bath Salts,Beauty,1976,31,Palestinian Territory,n/a
2/13/2025,Frozen Pizza,Food - Frozen Foods,4312,38,Bolivia,Transportation
10/6/2024,Cabbage Slaw Mix,Food - Vegetables,4807,8,Ireland,Health Care
6/5/2025,Raspberry Tart,Food - Baked Goods,1383,20,Netherlands,n/a
8/4/2024,Multi-Purpose Marine Rope,Outdoor,2342,50,Czech Republic,Transportation
12/22/2024,Cinnamon Roll Protein Bar,Food - Snacks,4315,39,Thailand,Public Utilities
2/4/2025,Garlic Herb Marinade,Food - Marinades,858,41,China,n/a
7/24/2024,Graphic Tee,Clothing,4895,37,Chile,Finance
1/22/2025,Mini Electric Kettle,Kitchen,3101,12,China,n/a
11/30/2024,Kitchen Scale,Kitchen,1674,47,United States,Technology
4/18/2025,Fire Roasted Salsa,Food - Condiments,533,27,China,Health Care
1/31/2025,Gluten-Free Brownies,Food - Baking,718,17,China,Public Utilities
5/10/2025,Kid's Fruit Snacks,Food - Snacks,3225,48,Argentina,Health Care
5/25/2025,LED Flashlight with Rechargeable Batteries,Outdoor,4975,46,Indonesia,Consumer Services
3/15/2025,Kitchen Knife Sharpening System,Kitchen,852,8,Kyrgyzstan,Finance
10/3/2024,Spicy Vegetable Sushi Rolls,Food - Prepared Foods,1820,18,Russia,n/a
6/7/2025,Frozen Hash Browns,Food - Frozen Foods,1494,6,Colombia,Technology
6/28/2025,Throw Pillow Covers,Home,94,40,China,Technology
3/29/2025,Lemon Lime Sparkling Water,Food - Beverages,1733,44,Czech Republic,Technology
1/23/2025,Pasta Maker,Kitchen,3856,36,Bosnia and Herzegovina,Consumer Services
12/8/2024,First Aid Kit,Health,2897,10,Indonesia,Health Care
9/14/2024,Sports Windbreaker,Clothing - Outerwear,3999,21,Brazil,Miscellaneous
4/11/2025,LED Desk Lamp,Home,3848,26,Ecuador,Finance
11/12/2024,Peach Slices (canned),Food - Canned Goods,445,12,Mexico,n/a
8/10/2024,Chocolate Raspberry Tart,Food - Bakery,493,36,China,Finance
1/24/2025,Curried Lentil Salad,Food - Salads,2108,29,China,Finance
10/23/2024,Chicken Salad Kit,Food - Prepared Foods,826,43,Canada,Finance
10/3/2024,Sweet and Spicy Barbecue Sauce,Food - Condiments,429,26,Malawi,Consumer Durables
2/17/2025,Vegan Caesar Dressing,Food - Condiments,3275,11,Spain,Miscellaneous
12/9/2024,Tofu,Food - Meat Alternatives,4712,26,Colombia,Energy
11/16/2024,Wireless Wi-Fi Extender,Electronics,3193,41,Japan,n/a
4/3/2025,Cranberry Almond Biscotti,Food - Bakery,4856,10,Canada,Technology
4/15/2025,Essential White Button-Up,Clothing - Shirts,3336,18,Guatemala,Capital Goods
1/30/2025,Legging Pants,Clothing - Activewear,3312,40,Peru,Technology
2/8/2025,Vegetable Sushi Rolls,Food - Prepared Meals,2405,1,Madagascar,Finance
6/6/2025,Pet Grooming Kit,Pets,3246,50,France,Consumer Services
9/12/2024,Hydration Backpack,Outdoor,4494,39,China,n/a
3/23/2025,Frozen Broccoli,Food - Frozen,1086,42,Indonesia,n/a
12/21/2024,LED Canopy Lights,Outdoor,4452,8,Philippines,n/a
7/8/2025,Portable Hammock,Outdoor,2804,1,Indonesia,Finance
9/13/2024,Cucumber,Food - Produce,1181,20,Ecuador,Technology
10/19/2024,Peach Salsa,Food - Dips,2311,17,China,Finance
7/21/2025,Organic Quinoa Salad,Food - Prepared Meals,1310,2,Venezuela,n/a
8/20/2024,Lemon Sorbet,Food - Frozen Desserts,3405,44,China,Finance
5/10/2025,Coconut Milk Ice Cream,Food - Frozen Desserts,4633,40,South Korea,Consumer Services
10/16/2024,Breathable Face Mask Set,Health,3095,1,Russia,Consumer Non-Durables
12/14/2024,Greek Feta Cheese,Food - Dairy,1954,40,Papua New Guinea,Consumer Services
12/15/2024,Fitness Tracker,Fitness,2077,31,China,Finance
7/19/2025,Carrot and Celery Sticks,Food - Produce,2427,19,Poland,Technology
11/13/2024,Frozen Chicken Nuggets,Food - Frozen Foods,1720,30,Philippines,Consumer Services
9/22/2024,Spinach Pizza Rolls,Food - Frozen Foods,3408,20,China,Technology
7/11/2025,Crispy Chickpeas,Food - Snacks,4113,32,Russia,Finance
12/19/2024,Kale Chips,Food - Snacks,78,19,China,Finance
9/21/2024,Cauliflower Pizza Crust,Food - Frozen Foods,4848,49,China,Technology
7/31/2024,Portable Bluetooth Headphones,Audio,1835,42,Iran,Energy
6/1/2025,Pumpkin Seeds,Food - Snacks,3065,21,Mexico,Energy
2/5/2025,Fitness Tracker,Fitness,4106,29,China,n/a
7/31/2024,Classic White T-Shirt,Clothing - Tops,3116,20,Ivory Coast,Capital Goods
2/18/2025,Lemon Sorbet,Food - Frozen Desserts,962,50,China,n/a
3/14/2025,3D Night Light,Home,572,37,China,Basic Industries
3/10/2025,Gardening Tool Belt,Garden,1988,23,Poland,Health Care
9/13/2024,Bamboo Utensil Holder,Kitchen,1609,32,Greece,n/a
9/13/2024,Elderberry Syrup,Food - Supplements,1291,21,France,Basic Industries
5/27/2025,Herbed Couscous,Food - Grains,900,46,Vietnam,Consumer Services
8/29/2024,Coconut Cream Pie Mix,Food - Baking,3054,44,Madagascar,Capital Goods
5/14/2025,Organic Almond Flour,Food - Baking,2607,32,China,Energy
3/20/2025,Pet Grooming Kit,Pets,3277,10,France,Basic Industries
8/27/2024,Almond Quinoa Salad,Food - Salads,4168,30,South Africa,Public Utilities
4/27/2025,Breezy Off-The-Shoulder Top,Clothing - Tops,4224,19,China,Technology
9/24/2024,Spinach and Feta Wraps,Food - Prepared Foods,3385,3,Brazil,Technology
1/20/2025,Jalape√±o Cornbread,Food - Bakery,4297,1,China,Finance
8/25/2024,Vegetable Chips,Food - Snacks,265,31,Azerbaijan,Consumer Durables
6/19/2025,Outdoor Portable Fire Pit,Outdoor,3611,46,Democratic Republic of the Congo,Capital Goods
9/30/2024,Low-Fat Cottage Cheese,Food - Dairy,3168,5,Sweden,Finance
5/7/2025,Stylish Combat Boots,Clothing - Shoes,2390,46,Canada,Finance
1/22/2025,Luxury Rolling Makeup Case,Beauty,1509,46,Albania,Capital Goods
11/4/2024,Tea Set with Infuser,Kitchen,4863,11,Argentina,Consumer Services
8/22/2024,Italian Breadsticks,Food - Bakery,1514,35,Macedonia,Basic Industries
12/10/2024,Adjustable Stand for Tablets and Smartphones,Electronics,1007,1,Mexico,n/a
7/16/2025,Wall-Mounted Spice Rack,Kitchen,2789,20,Portugal,Health Care
12/26/2024,Lemon Basil Pasta Sauce,Food - Sauces,1152,23,China,Health Care
8/23/2024,Fridge Magnet Set,Home,4073,7,Russia,Technology
12/5/2024,Crispy Chickpeas,Food - Snacks,1537,34,China,Health Care
5/29/2025,Biodegradable Dog Waste Bags,Pets,299,8,Philippines,Technology
1/22/2025,Baked Potato Chips,Food - Snacks,2463,11,China,Finance
5/20/2025,Coconut Curry Sauce,Food - Sauces,3646,36,Japan,Capital Goods
9/12/2024,Sliced Bell Peppers,Food - Fresh Produce,2158,30,China,n/a
9/29/2024,Pepperoni Pizza Rolls,Food - Snacks,380,38,Indonesia,Miscellaneous
6/21/2025,Sliced Cucumbers,Food - Produce,1782,7,China,Basic Industries
11/17/2024,Mini Electric Kettle,Kitchen,1039,43,Vietnam,Finance
7/1/2025,Foldable Picnic Table,Outdoor,738,14,Brazil,Consumer Non-Durables
3/7/2025,Pressure Washer Accessories Kit,Home Improvement,2835,47,Netherlands,Finance
10/11/2024,Outdoor Picnic Blanket,Outdoor,3687,42,France,Health Care
7/16/2025,Coconut Granola,Food - Snacks,4178,3,Venezuela,Finance
1/8/2025,Roasted Garlic,Food - Condiments,3436,4,Cameroon,Health Care
10/21/2024,Cranberry Almond Cookies,Food - Bakery,2333,16,Pakistan,n/a
5/1/2025,Compact Portable Grill,Outdoor,209,13,China,Finance
2/26/2025,Classic Slim Fit Shirt,Clothing - Shirts,651,40,China,n/a
2/20/2025,Feta Cheese Crumbles,Food - Dairy,2748,40,China,Energy
9/26/2024,Spicy BBQ Sauce,Food - Condiments,644,10,Netherlands,n/a
1/23/2025,Outdoor Fire Pit,Outdoor,905,17,Israel,n/a
9/19/2024,Cranberry Pecan Granola,Food - Breakfast Foods,3920,39,France,Finance
11/22/2024,Chickpeas,Food - Canned Goods,1808,21,China,Finance
2/19/2025,Artisan Bread,Food - Bakery,1219,9,Dominican Republic,Consumer Services
3/26/2025,Fruit Infuser Water Bottle,Fitness,1173,45,Philippines,Capital Goods
9/27/2024,Savory Breakfast Sausage,Food - Meats,1399,25,Argentina,Energy
3/9/2025,Pesto Genovese,Food - Condiments,2877,19,Canada,n/a
8/4/2024,Carrot and Celery Sticks,Food - Produce,4013,1,Mexico,Miscellaneous
9/28/2024,Car Vacuum,Automotive,1651,19,Argentina,Capital Goods
1/17/2025,Balsamic Vinegar,Food - Condiments,20,12,Czech Republic,Finance
9/11/2024,Gardening Gloves with Claws,Garden,1011,44,Portugal,Health Care
5/4/2025,Pita Bread,Food - Bakery,4192,25,Russia,Health Care
12/27/2024,Aeropress Coffee Maker,Kitchen,4409,8,United States,n/a
6/12/2025,Greek Yogurt Parfait,Food - Dairy,3145,22,North Korea,Miscellaneous
10/7/2024,Dishwasher Safe Cutting Board,Kitchen,4309,24,Ireland,Finance
4/24/2025,Coffee Capsule Dispenser,Kitchen,444,40,Costa Rica,Finance
11/30/2024,Cheesy Cauliflower Bake,Food - Frozen Vegetables,517,27,Venezuela,Finance
7/25/2024,Desk Lamp with USB Port,Office,3298,9,Philippines,n/a
9/28/2024,Glass Food Containers,Kitchen,3794,35,Sweden,Basic Industries
10/29/2024,Window A/C Unit,Home Appliances,3914,43,Portugal,Technology
4/29/2025,Electric Bike,Bicycles,2966,6,Uganda,Finance
10/29/2024,Apple Sauce,Food - Canned Goods,3586,6,Indonesia,Technology
5/9/2025,Ground Cinnamon,Food - Spices,1477,25,Pakistan,n/a
7/25/2024,Pasta Primavera Kit,Food - Meal Kits,2921,11,Indonesia,Consumer Services
3/29/2025,Tomato Basil Soup,Food - Canned Goods,2365,43,Egypt,Basic Industries
2/9/2025,Black Bean & Corn Salad,Food - Salads,4366,46,Venezuela,Finance
2/5/2025,Dog Training Clicker,Pets,994,42,China,Public Utilities
5/14/2025,Basil Tomato Soup,Food - Canned Soups,1190,19,Albania,Technology
3/25/2025,Pineapple Coconut Rice Mix,Food - Grains,1989,20,Portugal,Finance
10/31/2024,Ground Cinnamon,Food - Spices,1987,3,Russia,Health Care
11/2/2024,Vegetable Medley,Food - Produce,4819,36,Luxembourg,Finance
5/4/2025,Diced Tomatoes (canned),Food - Canned Goods,102,3,China,Finance
7/27/2024,Portable Phone Charger,Accessories,363,20,Afghanistan,Miscellaneous
3/4/2025,Travel Jewelry Case,Accessories,279,20,Vietnam,Consumer Services
7/24/2024,Sushi Rice,Food - Grains,2462,23,Nicaragua,n/a
5/25/2025,Creamy Avocado Dip,Food - Snacks,867,25,Afghanistan,Basic Industries
11/30/2024,Customizable Name Plate,Office,4490,48,China,n/a
11/21/2024,Kettle Corn Popcorn,Food - Snacks,3906,33,Russia,Consumer Services
9/7/2024,USB Desk Fan,Home,1966,44,Kosovo,Consumer Services
3/2/2025,Dog Waste Bag Dispenser,Pets,4590,34,Colombia,Technology
9/3/2024,Fresh Basil,Food - Produce,2007,30,China,Capital Goods
11/10/2024,Vegetable Stock,Food - Cooking Essentials,4381,28,Thailand,Transportation
10/19/2024,Sliced Provolone Cheese,Food - Dairy,4494,9,Indonesia,n/a
7/22/2025,Smoky BBQ Jackfruit,Food - Grocery,694,29,Panama,Consumer Services
1/2/2025,Basil Lemonade,Food - Beverages,1245,32,Sweden,Health Care
1/21/2025,Digital Photo Frame,Home,385,31,Iran,Technology
8/30/2024,Outdoor Picnic Blanket,Outdoor,3592,23,Philippines,Consumer Services
6/15/2025,Beef Stroganoff Meal Kit,Food - Frozen Meals,3783,48,Morocco,n/a
1/5/2025,Protein Powder,Fitness,4112,35,Brazil,Public Utilities
7/9/2025,Comfy Slippers,Footwear,4504,40,France,Basic Industries
12/5/2024,Natural Soy Candles,Home,2509,8,Russia,Capital Goods
3/25/2025,Lentil Soup,Food - Canned Goods,2545,27,China,Capital Goods
2/23/2025,Whole Chicken,Food - Meat,1598,21,Indonesia,Health Care
11/11/2024,Eco-Friendly Beeswax Wraps,Kitchen,4292,31,Colombia,Finance
2/14/2025,Coffee Grinder,Kitchen,1165,32,Russia,n/a
4/26/2025,Comfortable Jogger Pants,Clothing - Bottoms,3883,33,Indonesia,Consumer Non-Durables
3/12/2025,Wireless Mouse,Electronics,2833,32,Brazil,n/a
8/19/2024,Cranberry Juice,Food - Beverages,2439,14,Ecuador,Consumer Non-Durables
7/1/2025,Dark Chocolate Almond Butter Cups,Food - Snacks,1839,26,Russia,Capital Goods
1/1/2025,Wine Glasses,Home,859,9,Poland,n/a
10/30/2024,Indoor Plants,Garden,4727,23,Bolivia,Technology
10/12/2024,Coffee Capsule Dispenser,Kitchen,533,46,Bulgaria,Energy
4/13/2025,Puff Pastry,Food - Bakery,3695,25,China,Finance
10/30/2024,Fitness Tracker Band,Fitness,4355,23,Portugal,Health Care
6/7/2025,Zucchini,Food - Produce,203,19,Indonesia,Consumer Durables
1/2/2025,Decorative LED Neon Sign,Home,1613,35,Indonesia,Consumer Services
6/24/2025,Saffron Rice Mix,Food - Grains,3761,7,Russia,Public Utilities
7/11/2025,Banana Chips,Food - Snacks,3610,28,China,n/a
